ac_number,constituency,winner_2026,winning_party_2026,winner_votes_2026,total_votes_polled_2026,total_electors_2026,turnout_2026,reserved,region,winner_2021,winning_party_2021,winner_votes_2021,total_votes_polled_2021,total_electors_2021,turnout_2021,turnout_delta,seat_flipped,winner_vote_share_2026,winner_vote_share_2021,margin_2021,margin_2026
1,Gummidipoondi,S.VIJAYAKUMAR,TVK,94320,232522,254129,91.5,GEN,Chennai Metro,GOVINDARAJAN T.J,DMK,126452,222069,284412,78.08,13.420000000000002,True,40.56,56.94,50938,27945
2,Ponneri,DR.RAVI.M.S,TVK,110439,226819,251397,90.22,SC,Chennai Metro,DURAI. CHANDRASEKAR,INC,94528,210354,268995,78.2,12.019999999999996,True,48.69,44.94,9689,55768
3,Tiruttani,G.HARI,AIADMK,89169,238798,261857,91.19,GEN,Chennai Metro,S.Chandran,DMK,120314,232624,295358,78.76,12.429999999999993,True,37.34,51.72,29253,5793
4,Thiruvallur,DR. T. ARUNKUMAR,TVK,92190,226428,251018,90.2,GEN,Chennai Metro,"RAAJENDRAN, V.G.",DMK,107709,214243,277517,77.2,13.0,True,40.71,50.27,22701,24760
5,Poonamallee,PRAKASAM.R,TVK,161309,308894,368634,83.79,SC,Chennai Metro,Krishnaswamy A,DMK,149578,263736,361332,72.99,10.800000000000011,True,52.22,56.72,94110,72740
6,Avadi,R.RAMESH KUMAR,TVK,180384,346005,436177,79.33,GEN,Chennai Metro,Nasar S M,DMK,150287,300927,446678,67.37,11.959999999999994,True,52.13,49.94,55275,76311
7,Maduravoyal,RHEVANTH CHARAN,TVK,141725,293692,373283,78.68,GEN,Chennai Metro,GANAPATHY.K,DMK,121298,273870,454179,60.3,18.38000000000001,True,48.26,44.29,31721,61509
8,Ambattur,BALAMURUGAN.G,TVK,133339,259986,337019,77.14,GEN,Chennai Metro,JOSEPH SAMUEL,DMK,114554,240299,387517,62.01,15.130000000000003,True,51.29,47.67,42146,58781
9,Madavaram,M.L.VIJAYPRABHU,TVK,190462,361998,431796,83.84,GEN,Chennai Metro,SUDHARSANAM. S,DMK,151485,302700,456080,66.37,17.47,True,52.61,50.04,57071,94985
10,Thiruvottiyur,SENTHIL KUMAR. N,TVK,110067,207088,244903,84.56,GEN,Chennai Metro,K.P.SHANKAR,DMK,88185,199996,306978,65.15,19.409999999999997,True,53.15,44.09,37661,53564
11,Dr.Radhakrishnan Nagar,N. MARIE WILSON,TVK,97800,181206,199359,90.89,GEN,Chennai Metro,EBENEZER. J.J. (@)  JOHN EBENEZER.J,DMK,95763,187027,263493,70.98,19.909999999999997,True,53.97,51.2,42479,49668
12,Perambur,C. JOSEPH VIJAY,TVK,120365,204384,226296,90.32,GEN,Chennai Metro,SHEKAR. R.D,DMK,105267,200387,318075,63.0,27.319999999999993,True,58.89,52.53,54976,53715
13,Kolathur,V. S. BABU,TVK,82997,184051,211772,86.91,GEN,Chennai Metro,M.K. STALIN,DMK,105522,173388,284056,61.04,25.869999999999997,True,45.09,60.86,70384,8795
14,Villivakkam,AADHAV ARJUNA,TVK,66445,141452,163372,86.58,GEN,Chennai Metro,A . Vetriazhagan,DMK,76127,144092,257675,55.92,30.659999999999997,True,46.97,52.83,37237,17302
15,Thiru-Vi-Ka-Nagar,M. R. PALLAVI,TVK,69125,143903,181621,79.23,SC,Chennai Metro,SIVAKUMAR.P,DMK,81727,133696,220548,60.62,18.610000000000007,True,48.04,61.13,55013,22333
16,Egmore,RAJMOHAN,TVK,53901,119738,138775,86.28,SC,Chennai Metro,I.PARANTHAMEN,DMK,68832,119271,195110,61.13,25.15,True,45.02,57.71,38768,10804
17,Royapuram,K.V. VIJAY DAMU,TVK,59091,127356,159654,79.77,GEN,Chennai Metro,MURTHY.R.IDREAM,DMK,64424,121191,193596,62.6,17.169999999999995,True,46.4,53.16,27779,14249
18,Harbour,P K SEKARBABU,DMK,45254,99622,120126,82.93,GEN,Chennai Metro,SEKARBABU. P.K,DMK,59317,101650,176353,57.64,25.290000000000006,False,45.43,58.35,27274,11750
19,Chepauk-Thiruvallikeni,UDHAYANIDHI STALIN,DMK,62992,140741,166023,84.77,GEN,Chennai Metro,UDHAYANIDHI STALIN,DMK,93285,137405,235565,58.33,26.439999999999998,False,44.76,67.89,69355,7140
20,Thousand Lights,PRABHAKAR.J.C.D,TVK,58965,131824,157529,83.68,GEN,Chennai Metro,EZHILAN N,DMK,71867,135940,241671,56.25,27.430000000000007,True,44.73,52.87,32462,15141
21,Anna Nagar,V.K.RAMKUMAR,TVK,71375,163339,188861,86.49,GEN,Chennai Metro,M.K. Mohan,DMK,80054,165096,287975,57.33,29.159999999999997,True,43.7,48.49,27445,21363
22,Virugampakkam,SABARINATHAN.R,TVK,76092,172831,200578,86.17,GEN,Chennai Metro,AMV.PRABHAKARA RAJA,DMK,74351,169087,293605,57.59,28.58,True,44.03,43.97,18367,27086
23,Saidapet,ARUL PRAKASAM. M,TVK,81205,160401,204146,78.57,GEN,Chennai Metro,SUBRAMANIAN. MA,DMK,80194,160327,279510,57.36,21.209999999999994,True,50.63,50.02,29408,28514
24,Thiyagarayanagar,ANAND N,TVK,51632,133928,158757,84.36,GEN,Chennai Metro,KARUNANITHI J,DMK,56035,138114,246676,55.99,28.369999999999997,True,38.55,40.57,137,13027
25,Mylapore,VENKATARAMANAN. P,TVK,70070,150594,199465,75.5,GEN,Chennai Metro,VELU.DHA,DMK,68392,153430,271078,56.6,18.9,True,46.53,44.58,12633,28972
26,Velachery,KUMAR. R,TVK,80430,184815,217171,85.1,GEN,Chennai Metro,JMH.AASSAN MAULAANA,INC,68493,176714,314550,56.18,28.919999999999995,True,43.52,38.76,4352,33305
27,Shozhinganallur,ECR P SARAVANAN,TVK,220382,447295,553905,80.75,GEN,Chennai Metro,S.ARAVINDRAMESH,DMK,171558,388355,699613,55.51,25.240000000000002,True,49.27,44.18,35405,96780
28,Alandur,M.HARISH,TVK,112205,261570,301055,86.88,GEN,Chennai Metro,T.M.Anbarasan,DMK,116785,237751,390909,60.82,26.059999999999995,True,42.9,49.12,40571,29609
29,Sriperumbudur,THENNARASU.K,TVK,147611,331088,381750,86.73,SC,Chennai Metro,SELVAPERUNTHAGAI,INC,115353,264262,357401,73.94,12.790000000000006,True,44.58,43.65,10879,54246
30,Pallavaram,J.KAMATCHI,TVK,133611,283677,336963,84.19,GEN,Chennai Metro,KARUNANITHI,DMK,126427,266194,437387,60.86,23.33,True,47.1,47.49,37781,54693
31,Tambaram,D.SARATHKUMAR,TVK,118967,278809,330060,84.47,GEN,Chennai Metro,Raja.S.R,DMK,116840,248968,418082,59.55,24.92,True,42.67,46.93,36824,35621
32,Chengalpattu,S. THIYAGARAJAN,TVK,137136,324010,372839,86.9,GEN,Chennai Metro,VARALAKSHMI.M,DMK,130573,274087,431361,63.54,23.360000000000007,True,42.32,47.64,26665,35641
33,Thiruporur,B.VIJAYARAJ,TVK,110095,262409,294410,89.13,GEN,North,S.S.Balaji,VCK,93954,226729,296921,76.36,12.769999999999996,True,41.96,41.44,1947,39351
34,Cheyyur,RAJASEKAR. E,AIADMK,63809,187584,203998,91.95,SC,North,Babu M,VCK,82750,179120,229995,77.88,14.070000000000007,True,34.02,46.2,4042,5668
35,Madurantakam,MARAGATHAM KUMARAVEL.K,AIADMK,69284,198251,212639,93.23,SC,North,Maragatham. K,AIADMK,86646,185842,230430,80.65,12.579999999999998,False,34.95,46.62,3570,7194
36,Uthiramerur,MUNIRATHINAM.J,TVK,84917,227765,246177,92.52,GEN,North,SUNDAR K,DMK,93427,210529,262833,80.1,12.420000000000002,True,37.28,44.38,1622,14223
37,Kancheepuram,R.V. RANJITHKUMAR,TVK,91350,246317,278775,88.36,GEN,North,C.V.M.P. Ezhailzrasan,DMK,102712,229432,313090,73.28,15.079999999999998,True,37.09,44.77,11595,15488
38,Arakkonam,V. GANDHIRAJ,TVK,73776,182340,200773,90.82,SC,North,S.RAVI,AIADMK,85399,171412,228885,74.89,15.929999999999993,True,40.46,49.82,27169,23121
39,Sholingur,G.KAPIL,TVK,84506,233684,257522,90.74,GEN,North,A.M.MUNIRATHINAM,INC,110228,224109,279821,80.09,10.649999999999991,True,36.16,49.18,26698,5686
40,Katpadi,DR M SUDHAKAR,TVK,69868,203497,228736,88.97,GEN,North,DURAIMURUGAN,DMK,85140,186246,251684,74.0,14.969999999999999,True,34.33,45.71,746,5870
41,Ranipet,THAHIRA,TVK,91149,221038,248244,89.04,GEN,North,R.GANDHI,DMK,103291,207462,268594,77.24,11.800000000000011,True,41.24,49.79,16498,5787
42,Arcot,S.M.SUKUMAR,AIADMK,105608,225786,245319,92.04,GEN,North,J.L.Eswarappan,DMK,103885,209791,263490,79.62,12.420000000000002,True,46.77,49.52,19958,42720
43,Vellore,M.M.VINOTH KANNAN,TVK,73032,190527,214504,88.82,GEN,North,Karthikeyan .P,DMK,84299,179899,256084,70.25,18.569999999999993,True,38.33,46.86,9181,6777
44,Anaikattu,D.VELAZHAGAN,AIADMK,76302,216318,238715,90.62,GEN,North,A.P.Nandakumar,DMK,95159,197805,256723,77.05,13.570000000000007,True,35.27,48.11,6360,7081
45,Kilvaithinankuppam,THENRAL KUMAR. E,TVK,74305,189892,215304,88.2,SC,North,M.JAGAN MOORTHY,AIADMK,84579,174124,227613,76.5,11.700000000000003,True,39.13,48.57,10582,20255
46,Gudiyattam,K.SINDU,TVK,82858,229076,251588,91.05,SC,North,Amulu.V,DMK,100412,211630,291662,72.56,18.489999999999995,True,36.17,47.45,6901,10097
47,Vaniyambadi,SYED FAROOQ BASHA SSB,IUML,73181,212534,242540,87.63,GEN,North,G.SENDHIL KUMAR,AIADMK,88018,189997,251485,75.55,12.079999999999998,True,34.43,46.33,4904,2982
48,Ambur,VILWANATHAN. A.C.,DMK,74102,195584,214469,91.19,GEN,North,VILWANATHAN.A.C,DMK,90476,177878,240343,74.01,17.179999999999993,False,37.89,50.86,20232,7131
49,Jolarpet,VEERAMANI K.C.,AIADMK,78633,213042,236127,90.22,GEN,North,DEVARAJI.K.,DMK,89490,196358,242477,80.98,9.239999999999995,True,36.91,45.57,1091,16083
50,Tiruppattur,DR.THIRUPATHI. N,TVK,105098,202925,226691,89.52,GEN,North,A. NALLATHAMBI,DMK,96522,185930,241562,76.97,12.549999999999997,True,51.79,51.91,28240,48263
51,Uthangarai,N ELAIYARAJA,TVK,70201,205530,235451,87.29,SC,North,T.M.TAMILSELVAM,AIADMK,99675,188223,240172,78.37,8.920000000000002,True,34.16,52.96,28387,5198
52,Bargur,E.C. GOVINDARASAN,AIADMK,71240,213960,239318,89.4,GEN,North,MATHIAZHAGAN D,DMK,97256,197784,250106,79.08,10.320000000000007,True,33.3,49.17,12614,4241
53,Krishnagiri,MUKUNDHAN.P,TVK,89374,230181,267366,86.09,GEN,North,Ashokkumar.K,AIADMK,96050,211648,269615,78.5,7.590000000000003,True,38.83,45.38,794,18844
54,Veppanahalli,SRINIVASAN.P.S,DMK,74691,222608,246093,90.46,GEN,North,K.P.Munusamy,AIADMK,94104,205141,252295,81.31,9.149999999999991,True,33.55,45.87,3054,138
55,Hosur,BALAKRISHNAREDDY. P,AIADMK,109867,277770,342989,80.99,GEN,North,PRAKAASH Y,DMK,118231,248098,353971,70.09,10.899999999999991,True,39.55,47.65,12367,27803
56,Thalli,RAMACHANDRAN. T,CPI,78283,205878,237924,86.53,GEN,North,RAMACHANDRAN.T,CPI,120641,194022,251780,77.06,9.469999999999999,False,38.02,62.18,56226,5240
57,Palacodu,ANBALAGAN. K.P.,AIADMK,102807,225257,240322,93.73,GEN,North,ANBALAGAN.K.P.,AIADMK,110070,206595,236460,87.37,6.359999999999999,False,45.64,53.28,28100,39042
58,Pennagaram,GAJENDRAN. S.,TVK,81240,228666,248614,91.98,GEN,North,MANI. G.K,PMK,106123,210305,247418,85.0,6.980000000000004,True,35.53,50.46,21186,3165
59,Dharmapuri,SOWMIYA ANBUMANI,PMK,93713,238579,260751,91.5,GEN,North,VENKATESHWARAN.S.P.,PMK,105630,217333,272723,79.69,11.810000000000002,False,39.28,48.6,26860,20896
60,Pappireddipatti,MARAGATHAM VETRIVEL,AIADMK,101829,236621,256640,92.2,GEN,North,GOVINDASAMY.A,AIADMK,114507,220994,269013,82.15,10.049999999999997,False,43.03,51.81,36943,33114
61,Harur,SAMPATHKUMAR. V,AIADMK,75523,220042,245692,89.56,SC,North,SAMPATHKUMAR.V,AIADMK,99061,198565,253078,78.46,11.100000000000009,False,34.32,49.89,30362,3329
62,Chengam,S.VELU,AIADMK,87802,242897,268997,90.3,SC,North,GIRI.M.P,DMK,108081,223950,277647,80.66,9.64,True,36.15,48.26,11570,13278
63,Tiruvannamalai,VELU. E.V,DMK,88273,220066,249848,88.08,GEN,North,E V VELU,DMK,137876,208836,291304,71.69,16.39,False,40.11,66.02,94673,2455
64,Kilpennathur,RAMACHANDRAN.S,AIADMK,90503,219790,240823,91.27,GEN,North,K.Pitchandi,DMK,104675,203886,256945,79.35,11.920000000000002,True,41.18,51.34,26787,30465
65,Kalasapakkam,AGRI KRISHNAMURTHY. S S,AIADMK,89629,214127,232847,91.96,GEN,North,Saravanan.P.S.T,DMK,94134,196434,244443,80.36,11.599999999999994,True,41.86,47.92,9222,26740
66,Polur,ABISHEK. R,TVK,67961,211743,233774,90.58,GEN,North,Agri KRISHNAMURTHY. S S,AIADMK,97732,202012,245369,82.33,8.25,True,32.1,48.38,9725,227
67,Arani,JAYASUDHA. L,AIADMK,76735,230162,254963,90.27,GEN,North,S.RAMACHANDRAN,AIADMK,102961,221422,277332,79.84,10.429999999999993,False,33.34,46.5,3128,5631
68,Cheyyar,MUKKUR N. SUBRAMANIAN,AIADMK,86680,222570,239856,92.79,GEN,North,JOTHI. O,DMK,102460,214460,262529,81.69,11.100000000000009,True,38.95,47.78,12271,21081
69,Vandavasi,AMBETHKUMAR. S,DMK,63805,191204,213474,89.57,SC,North,Ambethkumar S,DMK,102064,185974,242122,76.81,12.759999999999991,False,33.37,54.88,35953,3333
70,Gingee,GANESHKUMAR A,PMK,78201,216652,242667,89.28,GEN,Central,MASTHAN K S,DMK,109625,206880,264519,78.21,11.070000000000007,True,36.1,52.99,35803,12645
71,Mailam,SHANMUGAM C VE,AIADMK,82353,189221,209016,90.53,GEN,Central,SIVAKUMAR C,PMK,81044,176989,222628,79.5,11.030000000000001,True,43.52,45.79,2230,30041
72,Tindivanam,VANNI ARASU,VCK,63833,196026,219256,89.41,SC,Central,ARJUNAN P,AIADMK,87152,182538,232740,78.43,10.97999999999999,True,32.56,47.74,9753,734
73,Vanur,GOWTHAM D,DMK,68873,192119,209824,91.56,SC,Central,CHAKRAPANI M,AIADMK,92219,182208,228359,79.79,11.769999999999996,True,35.85,50.61,21727,7034
74,Viluppuram,LAKSHMANAN R,DMK,72982,215422,245899,87.61,GEN,Central,LAKSHMANAN R,DMK,102271,204860,266156,76.97,10.64,False,33.88,49.92,14868,4119
75,Vikravandi,SIVAKUMAR C,PMK,69727,209231,228995,91.37,GEN,Central,PUGAZHENTHI N,DMK,93730,193617,237888,81.39,9.980000000000004,True,33.33,48.41,9573,910
76,Tirukkoyilur,PALANISAMY S,AIADMK,73033,217318,243105,89.39,GEN,Central,K.PONMUDY,DMK,110980,196217,257266,76.27,13.120000000000005,True,33.61,56.56,59680,285
77,Ulundurpettai,VASANTHAVEL G R,DMK,98471,271002,300699,90.12,GEN,Central,MANIKANNAN A J,DMK,115451,244853,296360,82.62,7.5,False,36.34,47.15,5256,2277
78,Rishivandiyam,KARTHIKEYAN K,DMK,89711,244795,273571,89.48,GEN,Central,KARTHIKEYAN K,DMK,113912,215106,268279,80.18,9.299999999999997,False,36.65,52.96,41728,4862
79,Sankarapuram,RAKESH R,AIADMK,80250,235528,265951,88.56,GEN,Central,UDHAYASURIYAN T,DMK,121186,215802,271176,79.58,8.980000000000004,True,34.07,56.16,45963,3440
80,Kallakurichi,ARUL VIGNESH C,TVK,81132,249626,281582,88.65,SC,Central,Senthilkumar.M,AIADMK,110643,225858,288969,78.16,10.490000000000009,True,32.5,48.99,25891,798
81,Gangavalli,NALLATHAMBI. A,AIADMK,73167,196679,218317,90.09,SC,Central,"NALLATHAMBI,A.",AIADMK,89568,186503,241866,77.11,12.980000000000004,False,37.2,48.02,7361,14404
82,Attur,JAYASANKARAN. A.P.,AIADMK,80843,208296,228153,91.3,SC,Central,"JAYASANKARAN, A.P.",AIADMK,95308,199743,258534,77.26,14.039999999999992,False,38.81,47.72,8257,15318
83,Yercaud,USHARANI. P,AIADMK,87772,253592,272829,92.95,ST,Central,G. Chitra,AIADMK,121561,238924,287548,83.09,9.86,False,34.61,50.88,25955,2189
84,Omalur,MANI. R,AIADMK,112246,271119,294593,92.03,GEN,Central,R.MANI,AIADMK,142488,249027,299024,83.28,8.75,False,41.4,57.22,55294,14539
85,Mettur,VENKATACHALAM. G,AIADMK,86498,231105,255665,90.39,GEN,Central,SADHASIVAM.S,PMK,97055,218442,291217,75.01,15.379999999999995,True,37.43,44.43,656,19105
86,Edappadi,EDAPPADI PALANISWAMI. K,AIADMK,148933,258263,276387,93.44,GEN,Central,EDAPPADI PALANISWAMI. K,AIADMK,163154,247301,288768,85.64,7.799999999999997,False,57.67,65.97,93802,98110
87,Sankari,VETRIVEL. S,AIADMK,87342,243779,260525,93.57,GEN,Central,"SUNDARARAJAN, S.",AIADMK,115472,232247,277442,83.71,9.86,False,35.83,49.72,20045,9517
88,Salem (West),LAKSHMANAN.S,TVK,120407,234407,257950,90.87,GEN,Central,ARUL. R,PMK,105483,216628,301668,71.81,19.060000000000002,True,51.37,48.69,21499,74867
89,Salem (North),SIVAKUMAR. K,TVK,85710,210712,238637,88.3,GEN,Central,R. RAJENDRAN,DMK,93432,202376,280532,72.14,16.159999999999997,True,40.68,46.17,7588,14034
90,Salem (South),VIJAY TAMILAN PARTHIBAN. A,TVK,91371,207902,226851,91.65,GEN,Central,E.BALASUBRAMANIAN,AIADMK,97506,199982,263134,76.0,15.650000000000006,True,43.95,48.76,22609,33369
91,Veerapandi,PALANIVEL. M.S,TVK,79907,235875,250449,94.18,GEN,Central,"RAJAMUTHU, M.",AIADMK,111682,223702,261212,85.64,8.540000000000006,True,33.88,49.92,19895,4071
92,Rasipuram,LOGESH TAMILSELVAN D,TVK,74808,204680,222252,92.09,SC,Central,MATHIVENTHAN M,DMK,90727,196904,239980,82.05,10.040000000000006,True,36.55,46.08,1952,14511
93,Senthamangalam,P CHANDRASEKAR,TVK,68815,209687,229398,91.41,ST,Central,PONNUSAMY K,DMK,90681,199235,246182,80.93,10.47999999999999,True,32.82,45.51,10493,2655
94,Namakkal,DILIP C S,TVK,79744,212283,237836,89.26,GEN,Central,RAMALINGAM P,DMK,106494,206759,263153,78.57,10.690000000000012,True,37.56,51.51,27861,11008
95,Paramathi-Velur,SEKAR S,AIADMK,61349,188845,205147,92.05,GEN,Central,SEKAR S,AIADMK,86034,183697,226395,81.14,10.909999999999997,False,32.49,46.83,7662,308
96,Tiruchengodu,ARUNRAJ K G,TVK,79500,191122,209072,91.41,GEN,Central,ESWARAN E R,DMK,81688,184669,234619,78.71,12.700000000000003,True,41.6,44.23,2862,28172
97,Kumarapalayam,C.VIJAYALAKSHMI,TVK,81179,205324,220048,93.31,GEN,Central,THANGAMANI.P,AIADMK,100800,201925,256088,78.85,14.460000000000008,True,39.54,49.92,31646,7696
98,Erode (East),M.VIJAY BALAJI,TVK,69747,162453,179566,90.47,GEN,Kongu,"THIRUMAHAN EVERAA,E.",INC,67300,152037,229524,66.24,24.230000000000004,True,42.93,44.27,8904,23966
99,Erode (West),ANANTH MOGHAN K.K.,TVK,96836,221400,250177,88.5,GEN,Kongu,Muthusamy S,DMK,100757,205579,296394,69.36,19.14,True,43.74,49.01,22089,22250
100,Modakkurichi,D.SHANMUGAN,TVK,60715,190759,207664,91.86,GEN,Kongu,SARASWATHI.C,BJP,78125,181857,241638,75.26,16.599999999999994,True,31.83,42.96,281,2430
101,Dharapuram,SATHYABAMA.P,AIADMK,81100,199944,222406,89.9,SC,Kongu,KAYALVIZHI N,DMK,89986,193991,261620,74.15,15.75,True,40.56,46.39,1393,16727
102,Kangayam,NSN NATARAJ,AIADMK,71122,203534,219553,92.7,GEN,Kongu,SAMINATHAN.M.P,DMK,94197,199818,258865,77.19,15.510000000000005,True,34.94,47.14,7331,8133
103,Perundurai,JAYAKUMAR. S,AIADMK,70302,200686,214431,93.59,GEN,Kongu,"JAYAKUMAR, S.",AIADMK,85125,189843,229834,82.6,10.990000000000009,False,35.03,44.84,14507,9693
104,Bhavani,KARUPPANAN. K.C,AIADMK,75577,208323,223172,93.35,GEN,Kongu,KARUPPANAN.K.C,AIADMK,100915,201385,241180,83.5,9.849999999999994,False,36.28,50.11,22523,7396
105,Anthiyur,HARIBASKAR.P,AIADMK,60042,185775,207355,89.59,GEN,Kongu,VENKATACHALAM.A.G,DMK,79096,176385,221339,79.69,9.900000000000006,True,32.32,44.84,1275,1260
106,Gobichettipalayam,SENGOTTAIYAN.K.A,TVK,82612,219727,239179,91.87,GEN,Kongu,SENGOTTAIYAN K.A,AIADMK,108608,214281,259672,82.52,9.350000000000009,True,37.6,50.68,28563,16620
107,Bhavanisagar,V.P.TAMILSELVI,TVK,72391,214595,237613,90.31,SC,Kongu,A.Bannari,AIADMK,99181,200567,259231,77.37,12.939999999999998,True,33.73,49.45,16008,4569
108,Udhagamandalam,BHOJARAJAN.M,BJP,48488,148704,188826,78.75,GEN,Kongu,"GANESH, R.",INC,65530,141102,208054,67.82,10.930000000000007,True,32.61,46.44,5348,976
109,Gudalur,DHRAVIDAMANI.M,DMK,65590,151241,185398,81.58,SC,Kongu,PON.JAYASEELAN,AIADMK,64496,138257,191624,72.15,9.429999999999993,True,43.37,46.65,1945,22833
110,Coonoor,M. RAJU,DMK,50470,141394,177782,79.53,GEN,Kongu,"Ramachandran, K.",DMK,61820,135908,194739,69.79,9.739999999999995,False,35.69,45.49,4105,8099
111,Mettuppalayam,SUNILANAND,TVK,75664,244319,282179,86.58,GEN,Kongu,SELVARAJ A K,AIADMK,105231,225083,299552,75.14,11.439999999999998,True,30.97,46.75,2456,7768
112,Avanashi,KAMALI.S,TVK,84209,231600,253361,91.41,SC,Kongu,"DHANAPAL, P",AIADMK,117284,212627,282824,75.18,16.22999999999999,True,36.36,55.16,50902,15373
113,Tiruppur (North),V.SATHYABAMA,TVK,131401,263457,315837,83.42,GEN,Kongu,VIJEYAKUMAR.K.N,AIADMK,113384,238092,381313,62.44,20.980000000000004,True,49.88,47.62,40102,69992
114,Tiruppur (South),BALAMURUGAN. S,TVK,73793,179814,197091,91.23,GEN,Kongu,SELVARAJ. K.,DMK,75535,174418,278001,62.74,28.490000000000002,True,41.04,43.31,4709,12901
115,Palladam,K.RAMKUMAR,TVK,121297,301014,329849,91.26,GEN,Kongu,ANANDAN M S M,AIADMK,126903,261511,392070,66.7,24.560000000000002,True,40.3,48.53,32691,37897
116,Sulur,NM.SUKUMAR,TVK,90531,273544,307616,88.92,GEN,Kongu,KANDASAMY V.P.,AIADMK,118968,241653,319774,75.57,13.350000000000009,True,33.1,49.23,31932,4790
117,Kavundampalayam,KANIMOZHI SANTHOSH,TVK,146466,363991,422138,86.23,GEN,Kongu,G.Arunkumar,AIADMK,135669,309918,468650,66.13,20.10000000000001,True,40.24,43.78,9776,42140
118,Coimbatore (North),V. SAMPATHKUMAR,TVK,92500,226109,296939,76.15,GEN,Kongu,AMMAN K.ARJUNAN,AIADMK,81454,202799,342508,59.21,16.940000000000005,True,40.91,40.16,4001,21992
119,Thondamuthur,S.P.VELUMANI,AIADMK,93316,258549,293324,88.14,GEN,Kongu,S.P. VELUMANI,AIADMK,124225,230531,328298,70.22,17.92,False,36.09,53.89,41630,14725
120,Coimbatore (South),V SENTHILBALAJI,DMK,59724,156499,188878,82.86,GEN,Kongu,VANATHI SRINIVASAN,BJP,53209,154765,255009,60.69,22.17,True,38.16,34.38,1728,2271
121,Singanallur,K.S.SRI GIRI PRASATH,TVK,84163,221033,269941,81.88,GEN,Kongu,"Jayaram, K.R",AIADMK,81244,202021,327266,61.73,20.15,True,38.08,40.22,10854,19139
122,Kinathukadavu,VIGNESH K,TVK,99950,267917,305878,87.59,GEN,Kongu,Damodaran.S,AIADMK,101537,232435,329042,70.64,16.950000000000003,True,37.31,43.68,1095,11710
123,Pollachi,K. NITHYANANDHAN,DMK,62013,181196,203971,88.83,GEN,Kongu,Pollachi V. Jayaraman,AIADMK,80567,177308,229258,77.34,11.489999999999995,True,34.22,45.44,1725,4627
124,Valparai,KUTTY (ALIAS) SUDHAKAR. A,DMK,54671,150431,173608,86.65,SC,Kongu,AMULKANDASAMI T K,AIADMK,71672,145172,207270,70.04,16.61,True,36.34,49.37,12223,9371
125,Udumalaipettai,JAYAKUMAR M.,DMK,68549,203575,230976,88.14,GEN,Kongu,"Radhakrishnan,K.",AIADMK,96893,194358,272554,71.31,16.83,True,33.67,49.85,21895,2882
126,Madathukulam,R JAYARAMAKRISHNAN,DMK,70458,188249,214809,87.64,GEN,Kongu,C MAHENDRAN,AIADMK,84313,181902,251072,72.45,15.189999999999998,True,37.43,46.35,6438,15968
127,Palani,RAVIMANOHARAN. K,AIADMK,66986,208619,239795,87.0,GEN,South,SENTHIL KUMAR I.P,DMK,108566,205384,280082,73.33,13.670000000000002,True,32.11,52.86,30056,693
128,Oddanchatram,SAKKARAPANI. R,DMK,93099,201624,220238,91.55,GEN,South,SAKKARAPANI R,DMK,109970,201756,242845,83.08,8.469999999999999,False,46.17,54.51,28742,43249
129,Athoor,I. PERIASAMY,DMK,106240,237183,261843,90.58,GEN,South,PERIYASAMY I,DMK,165809,229940,294946,77.96,12.620000000000005,False,44.79,72.11,135571,22368
130,Nilakkottai,AYYANAR.R,TVK,68580,197593,221094,89.37,SC,South,S.Thenmozhi,AIADMK,91461,184805,246177,75.07,14.300000000000011,True,34.71,49.49,27618,2925
131,Natham,NATHAM VISWANATHAN R,AIADMK,85708,239140,261152,91.57,GEN,South,NATHAM.R.VISWANATHAN,AIADMK,107762,225244,285300,78.95,12.61999999999999,False,35.84,47.84,11932,11869
132,Dindigul,SENTHILKUMAR. I.P,DMK,74489,212024,241926,87.64,GEN,South,SREENIVASAN.C,AIADMK,90595,195118,281677,69.27,18.370000000000005,True,35.13,46.43,17747,1131
133,Vedasandur,SAMINATHAN. T,DMK,84948,226554,243774,92.94,GEN,South,GANDHIRAJAN S,DMK,106481,213080,265818,80.16,12.780000000000001,False,37.5,49.97,17553,10063
134,Aravakurichi,ELANGO. R,DMK,70827,181078,195517,92.61,GEN,Kongu,ELANGO. R,DMK,93369,177114,216204,81.92,10.689999999999998,False,39.11,52.72,24816,19382
135,Karur,M.R. VIJAYABHASKAR,AIADMK,71542,216829,229995,94.28,GEN,Kongu,SENTHILBALAJI V,DMK,101757,207310,248067,83.57,10.710000000000008,True,32.99,49.08,12448,1821
136,Krishnarayapuram,SATHYA. M,TVK,62378,189357,202994,93.28,SC,Kongu,SIVAGAMA SUNDARI.K,DMK,96540,180902,214925,84.17,9.11,True,32.94,53.37,31625,3503
137,Kulithalai,SURIYANUR. A. CHANDRAN,DMK,68138,209091,223184,93.69,GEN,Kongu,R.Manickam,DMK,100829,197456,229174,86.16,7.530000000000001,False,32.59,51.06,23540,579
138,Manapparai,R. KATHIRAVAN,TVK,83041,241216,267999,90.01,GEN,Delta,ABDUL SAMAD P,DMK,98077,221748,291697,76.02,13.990000000000009,True,34.43,44.23,12243,1426
139,Srirangam,RAMESH,TVK,103235,254985,287027,88.84,GEN,Delta,Palaniyandi.M,DMK,113904,240240,315483,76.15,12.689999999999998,True,40.49,47.41,19915,33590
140,Tiruchirappalli (West),K.N.NEHRU,DMK,88235,196347,238920,82.18,GEN,Delta,"Nehru, K.N.",DMK,118133,183099,273241,67.01,15.170000000000002,False,44.94,64.52,85109,4786
141,Tiruchirappalli (East),C. JOSEPH VIJAY,TVK,91381,182493,220191,82.88,GEN,Delta,"INIGO IRUDAYARAJ,S.",DMK,94302,172856,258496,66.87,16.00999999999999,True,50.07,54.56,53797,27416
142,Thiruverumbur,VIJAYAKUMAR (A) NAVALPATTU S. VIJI,TVK,89837,213583,259546,82.29,GEN,Delta,ANBIL MAHESH POYYAMOZHI,DMK,105424,197013,295860,66.59,15.700000000000003,True,42.06,53.51,49697,8705
143,Lalgudi,LEEMAROSE MARTIN,AIADMK,60795,185213,212177,87.29,GEN,Delta,A.SOUNDARAPANDIAN,DMK,84914,174754,220565,79.23,8.060000000000002,True,32.82,48.59,16949,2739
144,Manachanallur,KATHIRAVAN. S,DMK,81447,209780,236500,88.7,GEN,Delta,S. KATHIRAVAN,DMK,116334,196719,247041,79.63,9.070000000000007,False,38.82,59.14,59618,12364
145,Musiri,M.VIGNESH,TVK,71281,189141,214006,88.38,GEN,Delta,N. Thiyagarajan,DMK,90624,179706,236518,75.98,12.399999999999991,True,37.69,50.43,26836,17442
146,Thuraiyur,RAVISANKAR.M,TVK,66263,184426,210685,87.54,SC,Delta,S.STALINKUMAR,DMK,87786,175876,229513,76.63,10.91000000000001,True,35.93,49.91,22071,9614
147,Perambalur,SIVAKUMAR. K,TVK,90882,253654,290666,87.27,SC,Central,"PRABHAHARAN, M.",DMK,122090,240026,306939,78.2,9.069999999999993,True,35.83,50.87,31034,14393
148,Kunnam,SIVASANKAR. S.S,DMK,87237,230570,268095,86.0,GEN,Central,"SIVASANKAR, S.S.",DMK,103922,219879,274677,80.05,5.950000000000003,False,37.84,47.26,6329,15557
149,Ariyalur,RAJENDRAN S,AIADMK,95219,235858,262942,89.7,GEN,Central,CHINNAPPA K,DMK,103975,225225,266412,84.54,5.159999999999997,True,40.37,46.16,3234,24498
150,Jayankondam,VAITHILINGAM G.,PMK,88992,228548,263450,86.75,GEN,Central,KANNAN KA SO KA,DMK,99529,216368,269181,80.38,6.3700000000000045,True,38.94,46.0,5452,18490
151,Tittakudi,GANESAN C.V,DMK,63106,175754,208984,84.1,SC,Central,"GANESAN,  C.V.",DMK,83726,168184,220425,76.3,7.799999999999997,False,35.91,49.78,21563,2629
152,Vriddhachalam,PREMALLATHA VIJAYAKANT,DMDK,69351,209186,240783,86.88,GEN,Central,Radhakrishnan,INC,77064,196734,255432,77.02,9.86,True,33.15,39.17,862,2387
153,Neyveli,RAJENDRAN.R,AIADMK,63731,168780,191271,88.24,GEN,Central,SABA.RAJENDRAN,DMK,75177,164130,221051,74.25,13.989999999999995,True,37.76,45.8,977,10962
154,Panruti,MOHAN. K,AIADMK,78398,210767,241767,87.18,GEN,Central,VELMURUGAN.T,DMK,93801,197049,247549,79.6,7.5800000000000125,True,37.2,47.6,4697,10663
155,Cuddalore,B.RAJKUMAR,TVK,70856,190378,223149,85.31,GEN,Central,G.IYAPPAN,DMK,84563,182001,243414,74.77,10.540000000000006,True,37.22,46.46,5151,15519
156,Kurinjipadi,M.R.K.PANNEERSELVAM,DMK,76695,213965,238189,89.83,GEN,Central,M.R.K.PANNEERSELVAM,DMK,101456,198781,242239,82.06,7.769999999999996,False,35.84,51.04,17527,7589
157,Bhuvanagiri,ARUNMOZHITHEVAN . A,AIADMK,75707,207310,233259,88.88,GEN,Central,Arunmozhithevan. A,AIADMK,96453,197165,250942,78.57,10.310000000000002,False,36.52,48.92,8259,2487
158,Chidambaram,THAMIMUN ANSARI. M,DMK,69739,196586,231236,85.02,GEN,Central,K.A. PANDIAN,AIADMK,91961,183352,254903,71.93,13.08999999999999,True,35.48,50.16,16937,5747
159,Kattumannarkoil,L.E. JOTHIMANI,VCK,85179,187905,226333,83.02,SC,Central,SINTHANAI SELVAN,VCK,86056,175561,231397,75.87,7.1499999999999915,False,45.33,49.02,10565,33063
160,Sirkazhi,SENTHILSELVAN.R,DMK,71449,200448,241319,83.06,SC,Delta,PANNEERSELVAM,DMK,94057,191325,255406,74.91,8.150000000000006,False,35.64,49.16,12148,11417
161,Mayiladuthurai,JAMAL MOHAMED YOUNOOS. Y.N,INC,68011,188461,234554,80.35,GEN,Delta,Rajakumar.S,INC,73642,174640,248988,70.14,10.209999999999994,False,36.09,42.17,2742,10845
162,Poompuhar,NIVEDHA M MURUGAN,DMK,81096,219324,259262,84.6,GEN,Delta,Nivedha M. Murugan,DMK,96102,207838,276417,75.19,9.409999999999997,False,36.98,46.24,3299,8260
163,Nagapattinam,M.H.JAWAHIRULLAH,DMK,56305,151326,174683,86.63,GEN,Delta,J. Mohamed Shanavas,VCK,66281,143560,199472,71.97,14.659999999999997,True,37.21,46.17,7238,9781
164,Kilvelur,LATHA. T,CPI(M),56108,151637,170558,88.91,SC,Delta,NAGAIMAALI V P,CPI(M),67988,142995,180026,79.43,9.47999999999999,False,37.0,47.55,16985,2278
165,Vedaranyam,MANIAN. O.S,AIADMK,59172,162216,187439,86.54,GEN,Delta,O.S.MANIAN,AIADMK,78719,158060,196104,80.6,5.940000000000012,False,36.48,49.8,12329,7331
166,Thiruthuraipoondi,MARIMUTHU.K,CPI,74062,191030,226845,84.21,SC,Delta,MARIMUTHU K,CPI,97092,185886,242228,76.74,7.469999999999999,False,38.77,52.23,30068,12922
167,Mannargudi,KAMARAJ. S,AMMK,68416,194100,234430,82.8,GEN,Delta,RAJAA T R B,DMK,87172,193229,259926,74.34,8.459999999999994,True,35.25,45.11,37393,1566
168,Thiruvarur,KALAIVANAN POONDI  K,DMK,93408,217875,260027,83.79,GEN,Delta,KALAIVANAN  POONDI  K.,DMK,108906,208290,284355,73.25,10.540000000000006,False,42.87,52.29,51174,18148
169,Nannilam,KAMARAJ. R,AIADMK,103462,231444,267432,86.54,GEN,Delta,KAMARAJ R,AIADMK,103637,221944,273735,81.08,5.460000000000008,False,44.7,46.7,4424,41724
170,Thiruvidaimarudur,GOVI.CHEZHIAAN,DMK,79951,208944,256930,81.32,SC,Delta,"CHEZHIAAN,  GOVI.",DMK,95763,198446,261940,75.76,5.559999999999988,False,38.26,48.26,10680,14116
171,Kumbakonam,VINOTH,TVK,78650,208288,254318,81.9,GEN,Delta,"ANBALAGAN, G.",DMK,96057,197564,276507,71.45,10.450000000000003,True,37.76,48.62,21383,679
172,Papanasam,A.M. SHAHJAHAN,IUML,69284,207723,256518,80.98,GEN,Delta,"Dr.JAWAHIRULLAH, M.H.",DMK,86567,196982,263486,74.76,6.219999999999999,True,33.35,43.95,16273,1065
173,Thiruvaiyaru,DURAI. CHANDRASEKARAN,DMK,80425,222111,258374,85.96,GEN,Delta,DURAI.CHANDRASEKARAN,DMK,103210,211430,270682,78.11,7.849999999999994,False,36.21,48.82,53650,8555
174,Thanjavur,R. VIJAYSARAVANAN,TVK,87705,198798,252676,78.68,GEN,Delta,"NEELAMEGAM, T.K.G.",DMK,103772,194859,296499,65.72,12.960000000000008,True,44.12,53.25,47149,16955
175,Orathanadu,R. VAITHILINGAM,DMK,86759,195304,233542,83.63,GEN,Delta,"VAITHILINGAM, R.",AIADMK,90063,191840,245038,78.29,5.339999999999989,True,44.42,46.95,28835,35028
176,Pattukkottai,ANNADURAI K,DMK,65963,183745,242420,75.8,GEN,Delta,"ANNADURAI, K.",DMK,79065,177200,247279,71.66,4.140000000000001,False,35.9,44.62,25269,13754
177,Peravurani,ASHOKKUMAR. N,DMK,60919,176274,213946,82.39,GEN,Delta,"ASHOKKUMAR, N.",DMK,89130,170850,221825,77.02,5.3700000000000045,False,34.56,52.17,23503,3162
178,Gandharvakottai,N. SUBRAMANIAN,TVK,58795,167618,196024,85.51,SC,Delta,M.Chinnadurai,CPI(M),69710,157620,211713,74.45,11.060000000000002,True,35.08,44.23,12721,11039
179,Viralimalai,VIJAYABASKAR. C,AIADMK,105773,203921,225090,90.6,GEN,Delta,VIJAYA BASKER C,AIADMK,102179,193423,226411,85.43,5.1699999999999875,False,51.87,52.83,23598,62073
180,Pudukkottai,V. MUTHURAJA,DMK,66825,190378,225944,84.26,GEN,Delta,V . MUTHURAJA,DMK,85802,179892,246630,72.94,11.320000000000007,False,35.1,47.7,13001,1867
181,Thirumayam,REGUPATHY.S,DMK,58201,182612,220568,82.79,GEN,Delta,S.REGUPATHY,DMK,71349,174031,229441,75.85,6.940000000000012,False,31.87,41.0,1382,1492
182,Alangudi,SIVA.V.MEYYANATHAN,DMK,64929,180483,212078,85.1,GEN,Delta,SIVA.V.MEYYANATHAN,DMK,87935,171842,218991,78.47,6.6299999999999955,False,35.98,51.17,25847,12977
183,Aranthangi,MOHAMED FARVAS. J,TVK,73244,182730,229792,79.52,GEN,Delta,RAMACHANDRAN T,INC,81835,168048,239351,70.21,9.310000000000002,True,40.08,48.7,30893,10062
184,Karaikudi,DR.PRABHU. TK,TVK,101358,229267,305925,74.94,GEN,South,S.Mangudi,INC,75954,212456,320785,66.23,8.709999999999994,True,44.21,35.75,21589,46074
185,Tiruppattur,SEENIVASA SETHUPATHY. R,TVK,83375,215710,275904,78.18,GEN,South,KR.PERIYAKARUPPAN,DMK,103682,210766,292812,71.98,6.200000000000003,True,38.65,49.19,37374,1
186,Sivaganga,KULANTHAI RANI A,TVK,73737,214067,278124,76.97,GEN,South,PR. Senthilnathan,AIADMK,82153,202044,304788,66.29,10.679999999999993,True,34.45,40.66,11253,15081
187,Manamadurai,ELANGOVAN.D,TVK,69971,208643,259382,80.44,SC,South,Tamilarasi A.,DMK,89364,203061,281833,72.05,8.39,True,33.54,44.01,14091,1208
188,Melur,P.VISWANATHAN,INC,60080,190726,229821,82.99,GEN,South,PERIYAPULLAN @ SELVAM  P.,AIADMK,83344,182782,246237,74.23,8.759999999999991,True,31.5,45.6,35162,2724
189,Madurai East,KARTHIKEYAN S,TVK,118777,271566,336527,80.7,GEN,South,MOORTHY P,DMK,122729,237892,333462,71.34,9.36,True,43.74,51.59,49604,16547
190,Sholavandan,KARUPPAIAH.M.V,TVK,63907,189080,214785,88.03,SC,South,VENKATESAN A,DMK,84240,175361,220608,79.49,8.540000000000006,True,33.8,48.04,17045,2678
191,Madurai North,A.KALLANAI,TVK,72853,161801,221174,73.16,GEN,South,THALAPATHI G,DMK,73010,156556,246157,63.6,9.559999999999995,True,45.03,46.64,22916,18038
192,Madurai South,M.M.GOPISON,TVK,62415,141503,179919,78.65,GEN,South,BOOMINATHAN.M,DMK,62812,147833,231713,63.8,14.850000000000009,True,44.11,42.49,6515,21529
193,Madurai Central,MADHAR BADHURUDEEN,TVK,63414,148586,199618,74.44,GEN,South,PALANIVEL THIAGA RAJAN,DMK,73205,149430,244847,61.03,13.409999999999997,True,42.68,48.99,34176,19128
194,Madurai West,THANGAPANDI SR,TVK,88250,216403,275516,78.54,GEN,South,RAJU. K,AIADMK,83883,201694,309727,65.12,13.420000000000002,True,40.78,41.59,9121,11931
195,Thiruparankundram,NIRMALKUMAR. R.,TVK,114316,255466,311400,82.04,GEN,South,"RAJANCHELLAPPA, V.V.",AIADMK,103683,235849,324280,72.73,9.310000000000002,True,44.75,43.96,29489,41553
196,Thirumangalam,MANIMARAN.M,DMK,88291,230980,261238,88.42,GEN,South,UDHAYAKUMAR R B,AIADMK,100338,220495,282216,78.13,10.290000000000006,True,38.22,45.51,14087,23807
197,Usilampatti,VIJAY. M,TVK,65743,224048,266192,84.17,GEN,South,AYYAPPAN P,AIADMK,71255,212513,287880,73.82,10.350000000000009,True,29.34,33.53,7477,1805
198,Andipatti,MAHARAJAN.A,DMK,74324,217329,256529,84.72,GEN,South,A.MAHARAJAN,DMK,93541,209540,279947,74.85,9.870000000000005,False,34.2,44.64,8538,9554
199,Periyakulam,SABARI IYNGARAN G.,TVK,85656,211209,265830,79.45,SC,South,K.S.SARAVANAKUMAAR,DMK,92251,201797,288529,69.94,9.510000000000005,True,40.56,45.71,21321,19321
200,Bodinayakanur,PANNEERSELVAM.O,DMK,85206,220628,263292,83.8,GEN,South,O.PANNEERSELVAM,AIADMK,100050,214795,281514,76.3,7.5,True,38.62,46.58,11021,6805
201,Cumbum,JEGANATHMISHRA PLA,TVK,85394,210574,255888,82.29,GEN,South,N.Ramakrishnan,DMK,104800,202275,291001,69.51,12.780000000000001,True,40.55,51.81,42413,751
202,Rajapalayam,JEGADESHWARI. K,TVK,65548,183020,214192,85.45,GEN,South,THANGAPANDIAN S.,DMK,74158,178708,241857,73.89,11.560000000000002,True,35.81,41.5,3898,10605
203,Srivilliputhur,KARTHIK.A,TVK,65653,193471,224122,86.32,SC,South,"MANRAJ, E.M.",AIADMK,70475,185039,252993,73.14,13.179999999999993,True,33.93,38.09,12738,8581
204,Sattur,KADARKARAIRAJ. A,DMK,62060,198734,229330,86.66,GEN,South,"RAGHURAMAN,  A.R.R.",DMK,74174,191783,255132,75.17,11.489999999999995,False,31.23,38.68,11179,5989
205,Sivakasi,KEERTHANA S,TVK,68709,193517,228205,84.8,GEN,South,Ashokan.G,INC,78947,185047,263750,70.16,14.64,True,35.51,42.66,17319,11670
206,Virudhunagar,SELVAM P,TVK,63653,167832,200618,83.66,GEN,South,SEENIVASAN A.R.R,DMK,73297,161717,226908,71.27,12.39,True,37.93,45.32,21339,9391
207,Aruppukkottai,RAMACHANDRAN. K.K.S.S.R,DMK,65104,178413,207750,85.88,GEN,South,K.K.S.S.R.RAMACHANDRAN,DMK,91040,171201,226456,75.6,10.280000000000001,False,36.49,53.18,39034,4943
208,Tiruchuli,THANGAM THENARASU,DMK,75085,181250,205301,88.29,GEN,South,THANGAM THENARASU,DMK,102225,172811,223097,77.46,10.830000000000013,False,41.43,59.15,60992,13485
209,Paramakudi,ADVOCATE. KATHIRAVAN. K.K,DMK,59161,189753,234608,80.88,SC,South,MURUGESAN S,DMK,84864,182158,258051,70.59,10.289999999999992,False,31.18,46.59,13285,3548
210,Tiruvadanai,RAJEEV,TVK,69551,220278,283864,77.6,GEN,South,KARUMANICKAM,INC,79364,201815,293677,68.72,8.879999999999995,True,31.57,39.33,13852,2513
211,Ramanathapuram,KATHARBATCHA MUTHURAMALINGAM,DMK,89137,237576,312303,76.07,GEN,South,KATHARBATCHA MUTHURAMALINGAM,DMK,111082,214098,311144,68.81,7.259999999999991,False,37.52,51.88,50479,12459
212,Mudhukulathur,R.S.RAJAKANNAPPAN,DMK,68003,231373,298958,77.39,GEN,South,R.S.RAJAKANNAPPAN,DMK,101901,221213,314715,70.29,7.099999999999994,False,29.39,46.06,20721,16598
213,Vilathikulam,MARKANDAYAN G V,DMK,58395,174814,204982,85.28,GEN,South,MARKANDAYAN V,DMK,90348,167169,218464,76.52,8.760000000000005,False,33.4,54.05,38549,8228
214,Thoothukkudi,SRINATH,TVK,100536,204712,250587,81.69,GEN,South,P.Geetha Jeevan,DMK,92314,188407,289545,65.07,16.620000000000005,True,49.11,49.0,50310,37731
215,Tiruchendur,ANITHA R. RADHAKRISHNAN,DMK,72723,186050,232933,79.87,GEN,South,Anitha R. Radhakrishnan,DMK,88274,174536,249195,70.04,9.829999999999998,False,39.09,50.58,25263,5872
216,Srivaikuntam,SARAVANAN. G,TVK,58814,176421,214268,82.34,GEN,South,Amirtharaj .S,INC,76843,164386,227241,72.34,10.0,True,33.34,46.75,17372,1186
217,Ottapidaram,P .MATHANRAJA,TVK,81625,196117,243756,80.46,SC,South,SHUNMUGAIAH C,DMK,73110,177840,254712,69.82,10.64,True,41.62,41.11,8510,29083
218,Kovilpatti,KARUNANITHI.K,DMK,61643,194232,241660,80.37,GEN,South,KADAMBUR RAJU,AIADMK,68556,180928,268320,67.43,12.939999999999998,True,31.74,37.89,12403,843
219,Sankarankovil,DR. DHILIPAN JAISHANKAR,AIADMK,64865,196480,238082,82.53,SC,South,RAJA E,DMK,71347,183338,256489,71.48,11.049999999999997,True,33.01,38.92,5297,6489
220,Vasudevanallur,E. RAJA,DMK,63045,189795,228557,83.04,SC,South,"SADHAN THIRUMALAIKUMAR, DOCTOR.T",DMK,68730,175881,244721,71.87,11.170000000000002,False,33.22,39.08,2367,6583
221,Kadayanallur,RAJENDRAN. T. M,DMK,79832,221951,269220,82.44,GEN,South,C.KRISHNAMURALI,AIADMK,88474,205374,291932,70.35,12.090000000000003,True,35.97,43.08,24349,6253
222,Tenkasi,DR.KALAI KATHIRAVAN,DMK,79699,234987,281624,83.44,GEN,South,PALANI NADAR.S,INC,89315,214108,295729,72.4,11.039999999999992,True,33.92,41.71,370,10299
223,Alangulam,PAUL MANOJ PANDIAN,DMK,69170,220857,255457,86.46,GEN,South,PAUL MANOJ PANDIAN,AIADMK,74153,203478,262891,77.4,9.059999999999988,True,31.32,36.44,3539,7798
224,Tirunelveli,MURUGHAN.R.S.,TVK,75840,218425,275857,79.18,GEN,South,Nainar Nagenthran,BJP,92282,197587,295303,66.91,12.27000000000001,True,34.72,46.7,23107,11414
225,Ambasamudram,DR.ESAKKI SUBAYA,AIADMK,65589,191195,227878,83.9,GEN,South,E.SUBAYA,AIADMK,85211,177681,246676,72.03,11.870000000000005,False,34.3,47.96,16915,10245
226,Palayamkottai,M.ABDUL WAHAB,DMK,79744,180620,257329,70.19,GEN,South,ABDUL WAHAB .M,DMK,89117,161091,278897,57.76,12.43,False,44.15,55.32,52141,13805
227,Nanguneri,REDDIARPATTI V. NARAYANAN,TVK,74952,209419,257177,81.43,GEN,South,RUBY R MANOHARAN,INC,75902,192522,280685,68.59,12.840000000000003,True,35.79,39.43,16486,16419
228,Radhapuram,DR.SATHISH CHRISTOPHER,TVK,69947,199931,247061,80.92,GEN,South,M.Appavu,DMK,82331,187310,275132,68.08,12.840000000000003,True,34.99,43.95,5925,12313
229,Kanniyakumari,THALAVAI SUNDARAM. N,AIADMK,75045,239150,288867,82.79,GEN,South,THALAVAI SUNDARAM N.,AIADMK,109745,224874,299074,75.19,7.6000000000000085,False,31.38,48.8,16213,214
230,Nagercoil,AUSTIN,DMK,69880,196280,258928,75.8,GEN,South,Gandhi M.R.,BJP,88804,184185,274657,67.06,8.739999999999995,True,35.6,48.21,11669,7570
231,Colachal,THARAHAI CUTHBERT,INC,66207,199013,265015,75.09,GEN,South,Prince J.G.,INC,90681,182969,271992,67.27,7.820000000000007,False,33.27,49.56,24832,2833
232,Padmanabhapuram,CHELLASWAMY. R,CPI(M),68938,180555,235511,76.67,GEN,South,"Mano Thangaraj, T.",DMK,87744,170156,242803,70.08,6.590000000000003,True,38.18,51.57,26885,15569
233,Vilavancode,PRAVEEN T.T,INC,70755,174927,226658,77.18,GEN,South,VIJAYADHARANI S,INC,87473,167836,251139,66.83,10.350000000000009,False,40.45,52.12,28669,20970
234,Killiyoor,RAJESH KUMAR. S,INC,66434,177534,245359,72.36,GEN,South,RAJESH KUMAR  S,INC,101541,169918,257960,65.87,6.489999999999995,False,37.42,59.76,55400,1311
